fileName,name,contentUrl,encodingFormat
last.csv,last,NA,csv
table_16_Aug_2021_233pm.csv,table_16_Aug_2021_233pm,NA,csv
table_17_Aug_2021_1027pm.csv,table_17_Aug_2021_1027pm,NA,csv
table_17_Aug_2021_1056pm.csv,table_17_Aug_2021_1056pm,NA,csv
table_17_Aug_2021_1103pm.csv,table_17_Aug_2021_1103pm,NA,csv
table_17_Aug_2021_1143am.csv,table_17_Aug_2021_1143am,NA,csv
table_17_Aug_2021_1205am.csv,table_17_Aug_2021_1205am,NA,csv
table_17_Aug_2021_418pm.csv,table_17_Aug_2021_418pm,NA,csv
table_18_Aug_2021_407pm.csv,table_18_Aug_2021_407pm,NA,csv
table_18_Aug_2021_603pm.csv,table_18_Aug_2021_603pm,NA,csv
table_19_Aug_2021_1137am.csv,table_19_Aug_2021_1137am,NA,csv
table_19_Aug_2021_1251pm.csv,table_19_Aug_2021_1251pm,NA,csv
table_19_Aug_2021_255pm.csv,table_19_Aug_2021_255pm,NA,csv
table_19_Aug_2021_306pm.csv,table_19_Aug_2021_306pm,NA,csv
table_19_Aug_2021_359pm.csv,table_19_Aug_2021_359pm,NA,csv
table_19_Aug_2021_930am.csv,table_19_Aug_2021_930am,NA,csv
table_20_Aug_2021_1041am.csv,table_20_Aug_2021_1041am,NA,csv
table_20_Aug_2021_110pm.csv,table_20_Aug_2021_110pm,NA,csv
table_20_Aug_2021_1132pm.csv,table_20_Aug_2021_1132pm,NA,csv
table_20_Aug_2021_1151pm.csv,table_20_Aug_2021_1151pm,NA,csv
table_20_Aug_2021_742am.csv,table_20_Aug_2021_742am,NA,csv
table_21_Aug_2021_713pm.csv,table_21_Aug_2021_713pm,NA,csv
table_22_Aug_2021_104pm.csv,table_22_Aug_2021_104pm,NA,csv
table_22_Aug_2021_1143am.csv,table_22_Aug_2021_1143am,NA,csv
table_22_Aug_2021_149pm.csv,table_22_Aug_2021_149pm,NA,csv
table_22_Aug_2021_820pm.csv,table_22_Aug_2021_820pm,NA,csv
table_23_Aug_2021_1224pm.csv,table_23_Aug_2021_1224pm,NA,csv
table_23_Aug_2021_853am.csv,table_23_Aug_2021_853am,NA,csv
table_23_Aug_2021_901pm.csv,table_23_Aug_2021_901pm,NA,csv
table_23_Aug_2021_919am.csv,table_23_Aug_2021_919am,NA,csv
table_24_Aug_2021_434pm.csv,table_24_Aug_2021_434pm,NA,csv
table_24_Aug_2021_809pm.csv,table_24_Aug_2021_809pm,NA,csv
